StudentID,Neuro-Synaptic Interface Level,Plasma Conductivity Quotient,Chrono-Adaptation Rate,Telepathic Synchronisation Index,Aetheric Resonance Capacity
210333,medium,-6,1 tau,D,5.0 Hz 
210124,full,-9,3 tau,A,1.0 Hz 
211219,nothing,112,1 tau,A,0.5 Hz 
211210,low,-5,1 tau,C,0.5 Hz 
210129,high,18,2 tau,E,0.5 Hz 
211803,high,27,3 tau,F,0.1 Hz 
212055,full,6,3 tau,C,0.1 Hz 
211974,nothing,10,2 tau,B,0.5 Hz 
211831,low,27,2 tau,F,1.0 Hz 
211603,low,88,3 tau,A,0.5 Hz 
212488,nothing,42,1 tau,A,1.0 Hz 
211229,full,-16,1 tau,C,0.1 Hz 
211060,full,99,3 tau,E,0.1 Hz 
211830,nothing,65,3 tau,E,1.0 Hz 
211826,nothing,57,1 tau,D,0.5 Hz 
211820,nothing,45,3 tau,B,0.1 Hz 
211133,low,85,1 tau,F,0.1 Hz 
210465,high,112,1 tau,E,5.0 Hz 
210962,full,32,1 tau,C,5.0 Hz 
212506,low,68,2 tau,C,0.5 Hz 
212038,full,-37,3 tau,A,1.0 Hz 
212868,nothing,-39,2 tau,E,5.0 Hz 
210831,medium,124,2 tau,A,0.5 Hz 
211230,full,106,3 tau,B,0.5 Hz 
212093,full,43,3 tau,E,5.0 Hz 
212640,medium,115,1 tau,E,5.0 Hz 
210311,high,-28,2 tau,B,0.5 Hz 
211262,full,-3,2 tau,B,0.1 Hz 
212156,high,-10,1 tau,C,5.0 Hz 
210547,full,109,1 tau,B,1.0 Hz 
210748,nothing,62,1 tau,E,1.0 Hz 
210693,low,40,3 tau,A,5.0 Hz 
210714,low,100,3 tau,E,0.5 Hz 
210774,full,-36,3 tau,B,5.0 Hz 
211708,low,-1,3 tau,B,0.1 Hz 
210646,high,71,3 tau,A,0.5 Hz 
212998,nothing,0,1 tau,C,0.5 Hz 
212170,full,24,2 tau,A,0.5 Hz 
212556,low,-19,1 tau,C,5.0 Hz 
210187,nothing,66,3 tau,D,5.0 Hz 
211452,nothing,76,3 tau,D,0.5 Hz 
212470,low,106,2 tau,E,0.1 Hz 
212903,medium,58,2 tau,A,0.1 Hz 
212947,low,68,3 tau,A,5.0 Hz 
213339,high,105,2 tau,D,0.1 Hz 
212307,nothing,123,3 tau,A,5.0 Hz 
210308,low,19,2 tau,F,5.0 Hz 
210258,nothing,-29,1 tau,A,5.0 Hz 
210582,nothing,44,3 tau,E,5.0 Hz 
212780,high,-6,1 tau,B,5.0 Hz 
211734,nothing,-40,2 tau,F,0.5 Hz 
211291,nothing,26,2 tau,E,0.5 Hz 
212518,low,18,1 tau,D,0.1 Hz 
210135,nothing,-30,1 tau,C,1.0 Hz 
210824,nothing,37,1 tau,E,0.1 Hz 
210328,nothing,133,3 tau,A,0.1 Hz 
210318,nothing,-25,1 tau,E,0.5 Hz 
210763,medium,88,2 tau,B,0.1 Hz 
211909,full,128,2 tau,D,1.0 Hz 
211593,nothing,82,1 tau,E,5.0 Hz 
210170,high,36,2 tau,A,5.0 Hz 
212155,medium,98,3 tau,B,0.5 Hz 
212257,full,63,3 tau,E,5.0 Hz 
212634,low,80,3 tau,D,0.5 Hz 
212805,medium,6,2 tau,F,0.1 Hz 
210586,full,-9,1 tau,C,0.5 Hz 
211920,low,128,1 tau,E,1.0 Hz 
210946,nothing,126,2 tau,A,5.0 Hz 
210361,nothing,34,3 tau,E,5.0 Hz 
210244,medium,84,3 tau,B,1.0 Hz 
212787,medium,26,3 tau,C,1.0 Hz 
210951,low,126,3 tau,A,0.1 Hz 
213061,full,21,3 tau,D,5.0 Hz 
212146,low,16,2 tau,C,5.0 Hz 
212431,medium,65,2 tau,B,5.0 Hz 
211908,medium,120,2 tau,B,0.5 Hz 
212374,low,27,3 tau,B,1.0 Hz 
211046,nothing,26,1 tau,A,5.0 Hz 
211903,nothing,-10,3 tau,D,1.0 Hz 
213317,full,14,1 tau,D,5.0 Hz 
210797,medium,115,3 tau,A,1.0 Hz 
211119,nothing,22,1 tau,A,5.0 Hz 
210448,nothing,0,2 tau,F,1.0 Hz 
211677,low,51,2 tau,F,0.5 Hz 
210496,full,39,2 tau,C,5.0 Hz 
211514,medium,6,2 tau,F,0.5 Hz 
211687,nothing,101,1 tau,D,5.0 Hz 
212169,high,49,1 tau,E,0.5 Hz 
210410,full,28,3 tau,D,0.5 Hz 
212302,high,-20,2 tau,F,0.5 Hz 
213068,medium,-32,1 tau,F,0.5 Hz 
211386,nothing,8,3 tau,F,0.5 Hz 
213058,low,106,2 tau,F,1.0 Hz 
211509,high,80,3 tau,D,1.0 Hz 
212625,medium,-31,1 tau,B,1.0 Hz 
210715,medium,-28,2 tau,A,0.5 Hz 
211308,full,133,1 tau,D,5.0 Hz 
211266,full,133,1 tau,E,1.0 Hz 
213323,high,62,3 tau,C,5.0 Hz 
212994,full,-30,2 tau,B,0.5 Hz 
212711,nothing,59,3 tau,A,0.5 Hz 
211253,low,46,3 tau,E,0.1 Hz 
211292,full,83,1 tau,E,0.1 Hz 
210474,high,-36,1 tau,B,0.5 Hz 
212652,low,-12,2 tau,E,5.0 Hz 
212587,full,107,1 tau,D,0.1 Hz 
213217,medium,37,3 tau,C,5.0 Hz 
212176,high,45,2 tau,A,0.1 Hz 
212066,nothing,20,3 tau,E,0.1 Hz 
211020,nothing,-1,2 tau,C,1.0 Hz 
210384,medium,126,2 tau,A,0.1 Hz 
210745,high,106,1 tau,E,0.1 Hz 
211899,low,87,1 tau,A,0.1 Hz 
213111,full,73,1 tau,C,5.0 Hz 
212852,medium,-25,1 tau,E,0.1 Hz 
212020,medium,19,3 tau,F,0.5 Hz 
212602,full,83,3 tau,C,1.0 Hz 
210865,low,53,2 tau,E,1.0 Hz 
210201,medium,31,2 tau,C,0.5 Hz 
212481,medium,43,3 tau,E,0.5 Hz 
213102,high,57,2 tau,E,1.0 Hz 
210630,low,-26,3 tau,E,0.1 Hz 
211502,medium,56,2 tau,A,5.0 Hz 
212424,high,-12,2 tau,F,5.0 Hz 
212618,low,41,3 tau,A,5.0 Hz 
211802,high,0,3 tau,F,0.1 Hz 
211770,nothing,67,2 tau,A,5.0 Hz 
213197,nothing,55,3 tau,B,0.1 Hz 
213075,nothing,13,1 tau,C,1.0 Hz 
211879,high,-40,1 tau,D,0.1 Hz 
210860,nothing,69,2 tau,F,0.1 Hz 
211897,nothing,108,1 tau,E,1.0 Hz 
210117,nothing,74,3 tau,D,5.0 Hz 
213253,full,90,1 tau,A,0.1 Hz 
210757,medium,-4,3 tau,C,0.1 Hz 
211322,medium,-33,3 tau,E,0.5 Hz 
212857,nothing,104,1 tau,F,1.0 Hz 
210662,low,19,2 tau,A,0.1 Hz 
210043,low,38,1 tau,A,1.0 Hz 
210400,high,-37,2 tau,F,0.5 Hz 
212311,full,-41,2 tau,D,1.0 Hz 
210437,low,-10,3 tau,D,0.1 Hz 
212102,medium,28,3 tau,C,1.0 Hz 
210166,full,-1,2 tau,F,0.1 Hz 
212010,full,85,2 tau,B,0.5 Hz 
210462,medium,76,2 tau,C,0.5 Hz 
212696,nothing,118,2 tau,C,0.5 Hz 
213254,medium,3,2 tau,B,5.0 Hz 
213107,full,127,1 tau,C,0.1 Hz 
211256,nothing,-2,3 tau,C,1.0 Hz 
210325,low,118,1 tau,C,0.5 Hz 
210982,high,65,2 tau,C,0.5 Hz 
211165,low,90,3 tau,D,1.0 Hz 
211195,low,88,2 tau,F,1.0 Hz 
211275,low,-25,2 tau,D,5.0 Hz 
210430,medium,114,1 tau,F,1.0 Hz 
213030,low,36,1 tau,C,5.0 Hz 
211085,high,87,1 tau,F,0.1 Hz 
210670,full,113,1 tau,C,0.5 Hz 
212108,full,3,3 tau,E,1.0 Hz 
211310,full,98,3 tau,C,1.0 Hz 
211224,high,16,1 tau,B,1.0 Hz 
210038,full,58,1 tau,C,0.1 Hz 
212963,nothing,134,1 tau,D,1.0 Hz 
212615,low,9,3 tau,D,1.0 Hz 
211634,nothing,41,3 tau,A,1.0 Hz 
210976,nothing,20,1 tau,F,1.0 Hz 
210510,high,118,1 tau,E,0.1 Hz 
213275,high,54,1 tau,C,0.5 Hz 
212509,medium,127,2 tau,E,0.5 Hz 
211427,nothing,60,2 tau,A,0.5 Hz 
211623,low,53,1 tau,A,1.0 Hz 
212217,nothing,69,2 tau,C,0.5 Hz 
212403,medium,74,3 tau,D,1.0 Hz 
212659,full,74,2 tau,E,0.1 Hz 
212249,full,58,2 tau,E,1.0 Hz 
211542,high,100,1 tau,A,0.5 Hz 
211471,high,10,2 tau,A,1.0 Hz 
211184,full,-12,1 tau,B,0.1 Hz 
211957,medium,14,3 tau,C,5.0 Hz 
213118,medium,94,1 tau,F,0.5 Hz 
213176,nothing,-8,3 tau,A,0.5 Hz 
212737,full,-38,3 tau,F,0.1 Hz 
211306,nothing,5,1 tau,A,1.0 Hz 
210961,nothing,3,2 tau,F,0.5 Hz 
211296,medium,43,2 tau,B,1.0 Hz 
210858,medium,-29,1 tau,E,0.5 Hz 
212631,medium,-36,1 tau,F,0.1 Hz 
212116,nothing,19,2 tau,D,0.5 Hz 
212300,full,126,1 tau,A,1.0 Hz 
213265,high,33,2 tau,B,0.1 Hz 
210983,full,122,1 tau,C,1.0 Hz 
211705,high,104,3 tau,E,5.0 Hz 
210174,medium,-28,3 tau,A,0.5 Hz 
211947,high,69,2 tau,E,5.0 Hz 
210483,full,114,2 tau,E,5.0 Hz 
211236,low,26,3 tau,A,0.1 Hz 
210950,medium,54,2 tau,E,0.1 Hz 
210500,full,96,2 tau,C,1.0 Hz 
210542,nothing,-29,3 tau,B,0.1 Hz 
210250,low,78,2 tau,C,1.0 Hz 
212086,medium,4,1 tau,F,0.1 Hz 
212814,nothing,42,3 tau,C,1.0 Hz 
212104,nothing,90,3 tau,A,0.1 Hz 
213246,full,126,2 tau,F,0.5 Hz 
212021,high,96,1 tau,B,0.1 Hz 
212689,low,37,1 tau,A,5.0 Hz 
212254,low,60,3 tau,B,5.0 Hz 
211382,low,3,3 tau,B,1.0 Hz 
211780,high,-40,3 tau,B,1.0 Hz 
213213,high,116,1 tau,B,0.5 Hz 
213040,medium,-41,2 tau,B,0.1 Hz 
212724,low,111,1 tau,A,1.0 Hz 
213183,high,11,2 tau,E,0.1 Hz 
210372,medium,104,2 tau,F,5.0 Hz 
210914,full,9,2 tau,B,1.0 Hz 
210040,medium,118,2 tau,B,1.0 Hz 
210801,nothing,68,3 tau,E,0.5 Hz 
210179,full,107,2 tau,A,0.5 Hz 
211445,low,103,1 tau,B,1.0 Hz 
212918,full,109,1 tau,E,0.5 Hz 
212866,full,-4,2 tau,E,0.5 Hz 
212931,nothing,130,3 tau,E,0.5 Hz 
211349,full,30,2 tau,A,0.5 Hz 
212504,high,44,2 tau,B,5.0 Hz 
210878,full,71,3 tau,B,5.0 Hz 
212862,medium,-8,1 tau,D,0.5 Hz 
212398,full,123,3 tau,A,5.0 Hz 
212905,full,22,2 tau,A,0.5 Hz 
211151,high,-41,2 tau,D,5.0 Hz 
211691,high,-23,1 tau,E,1.0 Hz 
211444,medium,3,2 tau,E,5.0 Hz 
211813,high,119,2 tau,B,5.0 Hz 
212088,nothing,16,3 tau,B,5.0 Hz 
211588,medium,125,3 tau,A,0.1 Hz 
212153,medium,111,1 tau,F,0.1 Hz 
211768,nothing,119,3 tau,B,5.0 Hz 
210554,nothing,67,3 tau,B,1.0 Hz 
212484,medium,88,3 tau,B,1.0 Hz 
211400,high,15,2 tau,A,1.0 Hz 
211857,high,63,1 tau,A,5.0 Hz 
213031,nothing,15,2 tau,C,5.0 Hz 
210229,medium,107,2 tau,A,0.5 Hz 
211205,nothing,134,2 tau,A,0.5 Hz 
211558,nothing,51,1 tau,E,5.0 Hz 
210707,high,-33,1 tau,C,1.0 Hz 
210167,high,5,2 tau,E,1.0 Hz 
211354,full,-4,2 tau,A,0.1 Hz 
213167,medium,60,1 tau,B,0.5 Hz 
210760,high,63,2 tau,D,1.0 Hz 
210577,low,86,3 tau,F,5.0 Hz 
211405,high,68,2 tau,D,1.0 Hz 
211912,low,68,1 tau,A,5.0 Hz 
210160,low,80,3 tau,A,0.5 Hz 
212988,full,38,1 tau,D,0.5 Hz 
210380,high,90,3 tau,C,0.5 Hz 
211878,full,37,1 tau,C,0.1 Hz 
212700,nothing,45,3 tau,A,0.5 Hz 
212402,nothing,48,1 tau,A,0.5 Hz 
213233,nothing,61,3 tau,F,1.0 Hz 
212610,nothing,8,1 tau,B,1.0 Hz 
210039,nothing,89,3 tau,A,0.5 Hz 
212351,high,65,2 tau,B,0.1 Hz 
213305,high,58,1 tau,E,0.1 Hz 
211008,low,20,3 tau,D,1.0 Hz 
212229,high,110,1 tau,D,1.0 Hz 
211158,low,97,1 tau,F,5.0 Hz 
213051,medium,5,3 tau,A,0.5 Hz 
211724,medium,127,2 tau,E,5.0 Hz 
212149,full,-30,2 tau,C,0.1 Hz 
212768,full,131,3 tau,C,5.0 Hz 
212864,low,-15,1 tau,A,0.5 Hz 
212141,low,11,1 tau,E,5.0 Hz 
210173,low,84,1 tau,E,5.0 Hz 
211764,medium,86,2 tau,F,5.0 Hz 
212970,nothing,69,3 tau,D,0.1 Hz 
213037,low,23,2 tau,D,0.1 Hz 
212380,high,58,1 tau,B,0.1 Hz 
213247,nothing,100,2 tau,A,1.0 Hz 
210789,medium,98,3 tau,A,5.0 Hz 
210356,high,123,3 tau,C,0.1 Hz 
213206,high,-17,3 tau,F,0.1 Hz 
211610,high,31,2 tau,A,0.1 Hz 
213012,high,81,3 tau,A,0.5 Hz 
210599,medium,87,2 tau,D,0.1 Hz 
210392,low,-24,2 tau,B,1.0 Hz 
212761,nothing,-2,3 tau,E,5.0 Hz 
212028,medium,-4,2 tau,E,5.0 Hz 
210687,full,106,2 tau,D,5.0 Hz 
211946,high,116,3 tau,E,1.0 Hz 
211997,nothing,38,3 tau,C,0.1 Hz 
210555,full,48,3 tau,B,5.0 Hz 
213140,high,127,1 tau,C,0.5 Hz 
210023,medium,18,3 tau,A,0.1 Hz 
213278,nothing,111,1 tau,C,0.5 Hz 
212933,nothing,77,1 tau,B,0.5 Hz 
212126,nothing,-2,2 tau,B,1.0 Hz 
213287,low,25,3 tau,C,0.1 Hz 
211888,low,94,3 tau,E,0.1 Hz 
213034,full,79,1 tau,C,0.1 Hz 
211381,full,6,3 tau,B,1.0 Hz 
210283,high,50,2 tau,E,1.0 Hz 
210316,medium,131,3 tau,F,5.0 Hz 
213069,nothing,-27,2 tau,B,0.1 Hz 
212483,high,93,1 tau,B,1.0 Hz 
212167,low,63,2 tau,D,0.1 Hz 
211921,high,-2,2 tau,E,0.1 Hz 
210026,nothing,60,2 tau,B,1.0 Hz 
211515,full,9,2 tau,B,5.0 Hz 
210394,high,-14,3 tau,D,0.5 Hz 
210875,high,55,1 tau,D,1.0 Hz 
210176,low,69,1 tau,C,5.0 Hz 
211546,low,52,2 tau,E,0.5 Hz 
212813,high,13,3 tau,F,5.0 Hz 
211923,low,95,3 tau,E,5.0 Hz 
210262,full,14,2 tau,E,0.5 Hz 
213062,high,120,3 tau,C,5.0 Hz 
212071,high,2,3 tau,A,0.5 Hz 
211597,full,19,3 tau,E,5.0 Hz 
211089,medium,-16,1 tau,B,5.0 Hz 
212359,nothing,123,1 tau,F,5.0 Hz 
211961,medium,20,2 tau,F,0.1 Hz 
211769,nothing,-35,1 tau,F,5.0 Hz 
211346,low,90,1 tau,A,0.1 Hz 
210419,medium,7,3 tau,F,0.5 Hz 
211976,high,128,3 tau,E,0.1 Hz 
211388,full,96,3 tau,E,0.1 Hz 
213208,high,99,2 tau,D,5.0 Hz 
210920,high,83,2 tau,A,1.0 Hz 
211218,high,126,1 tau,F,5.0 Hz 
210082,high,87,2 tau,B,0.5 Hz 
210565,high,8,1 tau,A,0.1 Hz 
213132,medium,14,3 tau,F,1.0 Hz 
212428,low,16,3 tau,F,0.5 Hz 
212362,low,-15,3 tau,A,0.5 Hz 
213282,low,37,3 tau,D,0.5 Hz 
211123,nothing,48,1 tau,E,5.0 Hz 
212572,low,93,2 tau,F,1.0 Hz 
210794,nothing,76,2 tau,A,0.1 Hz 
210525,low,39,3 tau,E,0.1 Hz 
212262,high,-16,2 tau,B,1.0 Hz 
212322,low,1,3 tau,A,0.1 Hz 
212049,low,52,2 tau,E,5.0 Hz 
210279,high,64,2 tau,B,0.5 Hz 
211111,medium,70,3 tau,F,0.5 Hz 
210655,nothing,-13,2 tau,A,0.5 Hz 
211728,full,124,3 tau,C,1.0 Hz 
213011,full,-28,1 tau,B,5.0 Hz 
210625,nothing,21,1 tau,D,1.0 Hz 
213308,nothing,80,2 tau,E,5.0 Hz 
211695,full,48,1 tau,C,1.0 Hz 
211940,full,70,1 tau,D,5.0 Hz 
210541,nothing,30,3 tau,A,5.0 Hz 
212536,medium,-40,1 tau,E,0.5 Hz 
211948,nothing,116,2 tau,B,5.0 Hz 
212972,low,88,3 tau,F,0.5 Hz 
211585,medium,0,2 tau,F,5.0 Hz 
212677,full,11,2 tau,C,5.0 Hz 
213220,medium,39,3 tau,E,5.0 Hz 
211115,nothing,-4,2 tau,A,0.1 Hz 
210482,medium,-21,2 tau,E,0.5 Hz 
211469,medium,-16,3 tau,C,1.0 Hz 
212092,medium,130,3 tau,F,0.5 Hz 
211658,high,9,2 tau,E,1.0 Hz 
212145,full,75,3 tau,A,0.1 Hz 
210501,high,119,1 tau,B,0.1 Hz 
210823,high,69,1 tau,C,1.0 Hz 
211095,medium,15,3 tau,E,5.0 Hz 
212061,high,75,3 tau,A,1.0 Hz 
211890,full,74,1 tau,E,0.5 Hz 
210740,full,-18,3 tau,E,5.0 Hz 
212027,low,19,2 tau,D,0.5 Hz 
212423,high,56,2 tau,F,0.1 Hz 
211796,medium,100,3 tau,B,0.5 Hz 
211816,full,107,1 tau,F,5.0 Hz 
211656,medium,118,2 tau,C,5.0 Hz 
211091,low,111,3 tau,B,0.5 Hz 
213047,medium,-26,3 tau,B,1.0 Hz 
211364,medium,-5,3 tau,B,0.1 Hz 
210922,nothing,-12,1 tau,B,1.0 Hz 
210455,low,1,3 tau,A,1.0 Hz 
212612,nothing,-26,3 tau,B,5.0 Hz 
212871,low,110,2 tau,C,0.5 Hz 
211103,full,119,2 tau,D,0.1 Hz 
210224,medium,44,3 tau,D,5.0 Hz 
212924,full,58,3 tau,E,0.1 Hz 
210942,full,-5,2 tau,E,0.5 Hz 
213294,medium,120,1 tau,A,0.5 Hz 
212110,low,106,2 tau,C,5.0 Hz 
212415,high,-22,3 tau,B,0.5 Hz 
210570,high,38,2 tau,C,1.0 Hz 
211233,full,93,2 tau,F,0.5 Hz 
212703,high,115,2 tau,B,1.0 Hz 
211070,high,26,2 tau,D,0.5 Hz 
212210,nothing,100,3 tau,C,5.0 Hz 
210418,high,51,3 tau,D,0.5 Hz 
211377,low,39,3 tau,D,0.5 Hz 
212607,high,38,3 tau,A,5.0 Hz 
211211,full,10,3 tau,A,0.5 Hz 
210109,high,-32,3 tau,A,5.0 Hz 
213269,low,-9,3 tau,E,0.1 Hz 
211853,nothing,113,3 tau,B,1.0 Hz 
212896,nothing,53,2 tau,F,1.0 Hz 
211647,nothing,130,2 tau,B,5.0 Hz 
210236,nothing,2,2 tau,D,0.5 Hz 
211361,full,40,1 tau,A,5.0 Hz 
211850,medium,59,3 tau,F,1.0 Hz 
210926,medium,34,3 tau,E,5.0 Hz 
210673,nothing,-38,3 tau,D,5.0 Hz 
211026,low,-32,1 tau,B,0.1 Hz 
210863,full,114,2 tau,E,0.1 Hz 
213045,medium,21,2 tau,B,1.0 Hz 
212808,full,-20,2 tau,F,5.0 Hz 
213128,low,104,3 tau,C,0.5 Hz 
210664,full,75,2 tau,B,0.5 Hz 
210034,full,20,2 tau,C,0.5 Hz 
212576,medium,-12,3 tau,F,5.0 Hz 
210150,nothing,110,2 tau,C,0.1 Hz 
210076,medium,115,1 tau,F,0.5 Hz 
210689,nothing,49,1 tau,A,1.0 Hz 
210226,low,44,2 tau,E,5.0 Hz 
210966,medium,94,3 tau,D,5.0 Hz 
210334,high,68,2 tau,A,1.0 Hz 
211505,low,107,1 tau,D,5.0 Hz 
212292,medium,46,1 tau,D,0.5 Hz 
210913,high,29,2 tau,E,0.1 Hz 
211495,low,111,3 tau,E,1.0 Hz 
211700,medium,60,3 tau,D,1.0 Hz 
213242,low,8,3 tau,A,0.1 Hz 
211484,full,7,3 tau,A,0.1 Hz 
211220,nothing,106,1 tau,B,0.1 Hz 
213314,low,106,2 tau,A,0.1 Hz 
213010,medium,-7,3 tau,E,0.1 Hz 
211538,high,-28,3 tau,D,5.0 Hz 
211345,nothing,129,1 tau,D,5.0 Hz 
212508,low,124,2 tau,F,0.1 Hz 
210223,low,30,1 tau,A,1.0 Hz 
211053,low,19,1 tau,F,5.0 Hz 
212048,high,64,2 tau,F,0.5 Hz 
213145,full,64,1 tau,E,0.5 Hz 
211529,low,-37,3 tau,F,0.5 Hz 
212845,high,6,2 tau,A,0.1 Hz 
212596,high,-25,2 tau,A,0.5 Hz 
210695,nothing,105,3 tau,F,1.0 Hz 
212818,medium,110,2 tau,F,0.1 Hz 
213263,low,1,1 tau,A,5.0 Hz 
212315,high,39,2 tau,C,0.5 Hz 
210843,medium,100,3 tau,D,0.1 Hz 
212733,full,12,2 tau,F,1.0 Hz 
210211,medium,79,1 tau,D,1.0 Hz 
212386,nothing,-38,3 tau,B,1.0 Hz 
212451,low,134,2 tau,D,0.1 Hz 
211396,low,-27,3 tau,B,0.1 Hz 
210818,full,67,2 tau,F,1.0 Hz 
212661,nothing,40,2 tau,F,0.5 Hz 
212745,low,66,3 tau,B,5.0 Hz 
212372,full,-8,1 tau,E,5.0 Hz 
210958,high,12,3 tau,D,0.5 Hz 
211021,medium,-27,2 tau,B,0.5 Hz 
211290,low,30,1 tau,D,5.0 Hz 
212411,nothing,76,1 tau,A,1.0 Hz 
211246,medium,45,2 tau,D,5.0 Hz 
213147,low,20,2 tau,B,0.1 Hz 
212934,nothing,97,1 tau,B,1.0 Hz 
212657,medium,124,3 tau,A,1.0 Hz 
213026,nothing,70,2 tau,E,0.1 Hz 
210852,low,133,3 tau,C,0.5 Hz 
211029,medium,-8,2 tau,F,0.5 Hz 
213251,low,45,2 tau,C,5.0 Hz 
212926,high,105,3 tau,C,5.0 Hz 
212776,nothing,66,1 tau,C,0.5 Hz 
211532,full,52,1 tau,A,1.0 Hz 
210312,medium,-20,2 tau,B,1.0 Hz 
211629,medium,-27,3 tau,D,0.5 Hz 
210694,medium,70,2 tau,D,1.0 Hz 
212480,full,31,1 tau,D,5.0 Hz 
211180,high,97,2 tau,D,1.0 Hz 
212674,low,18,1 tau,D,0.5 Hz 
212877,medium,-12,3 tau,B,0.5 Hz 
212785,low,78,3 tau,D,1.0 Hz 
213186,high,-4,3 tau,A,5.0 Hz 
210521,high,75,2 tau,B,5.0 Hz 
211333,low,76,2 tau,C,0.5 Hz 
212705,full,52,2 tau,F,5.0 Hz 
211264,high,108,2 tau,E,5.0 Hz 
210558,nothing,104,3 tau,C,1.0 Hz 
211358,medium,50,2 tau,E,0.1 Hz 
210246,medium,-13,3 tau,E,5.0 Hz 
212619,nothing,120,1 tau,B,0.5 Hz 
213157,nothing,98,1 tau,A,0.1 Hz 
212793,medium,105,1 tau,B,5.0 Hz 
212633,low,52,2 tau,A,0.5 Hz 
211335,low,73,1 tau,B,0.1 Hz 
212676,low,90,2 tau,B,1.0 Hz 
211314,nothing,-31,3 tau,A,0.5 Hz 
210388,high,67,2 tau,A,1.0 Hz 
211494,high,-7,2 tau,D,5.0 Hz 
212672,medium,54,1 tau,E,1.0 Hz 
212802,nothing,130,3 tau,E,1.0 Hz 
210712,full,29,2 tau,E,5.0 Hz 
212118,low,-9,3 tau,A,5.0 Hz 
212668,full,-6,1 tau,F,5.0 Hz 
210177,nothing,72,1 tau,A,5.0 Hz 
211171,medium,-32,2 tau,B,1.0 Hz 
210768,high,-41,2 tau,D,1.0 Hz 
211944,medium,-35,3 tau,C,5.0 Hz 
211082,medium,93,1 tau,F,0.5 Hz 
210592,full,60,1 tau,F,1.0 Hz 
212329,medium,-21,3 tau,B,5.0 Hz 
213226,nothing,90,2 tau,E,5.0 Hz 
211064,full,-36,1 tau,B,1.0 Hz 
211931,high,108,3 tau,A,5.0 Hz 
213073,nothing,57,1 tau,F,0.5 Hz 
212562,medium,68,1 tau,B,0.5 Hz 
211108,medium,48,2 tau,F,0.5 Hz 
211127,full,-22,1 tau,E,0.1 Hz 
210216,medium,-39,2 tau,E,5.0 Hz 
211437,full,-17,3 tau,E,1.0 Hz 
211279,full,26,3 tau,B,1.0 Hz 
211350,high,112,3 tau,D,0.5 Hz 
210068,low,99,3 tau,E,0.1 Hz 
212183,full,17,2 tau,F,1.0 Hz 
211618,high,12,2 tau,D,1.0 Hz 
212492,nothing,26,3 tau,F,0.1 Hz 
213019,nothing,30,1 tau,A,1.0 Hz 
210516,full,-9,2 tau,C,5.0 Hz 
210503,low,89,2 tau,E,1.0 Hz 
212140,full,23,2 tau,A,1.0 Hz 
212317,full,-3,3 tau,F,0.1 Hz 
211805,high,32,2 tau,D,5.0 Hz 
212586,low,-36,1 tau,D,1.0 Hz 
210354,medium,68,3 tau,F,5.0 Hz 
212792,full,102,3 tau,B,0.5 Hz 
210616,medium,72,1 tau,C,0.1 Hz 
213141,nothing,43,2 tau,E,0.5 Hz 
210633,high,96,2 tau,B,5.0 Hz 
211214,medium,10,3 tau,D,1.0 Hz 
210785,low,51,3 tau,C,5.0 Hz 
212578,high,32,2 tau,F,5.0 Hz 
211620,low,51,1 tau,E,0.5 Hz 
212966,nothing,101,3 tau,C,0.5 Hz 
210084,low,123,2 tau,D,0.5 Hz 
212524,full,-9,1 tau,B,0.5 Hz 
212472,low,36,3 tau,C,0.5 Hz 
211833,nothing,-20,3 tau,D,1.0 Hz 
211904,low,116,1 tau,E,0.1 Hz 
211042,full,20,2 tau,F,0.5 Hz 
213205,low,-3,1 tau,A,1.0 Hz 
211861,medium,69,2 tau,E,5.0 Hz 
211614,full,127,3 tau,C,0.1 Hz 
211694,low,67,3 tau,F,0.1 Hz 
211580,nothing,106,1 tau,D,5.0 Hz 
212893,high,28,2 tau,E,0.1 Hz 
211411,high,117,3 tau,E,1.0 Hz 
213160,high,120,1 tau,C,0.1 Hz 
212748,nothing,113,1 tau,C,5.0 Hz 
210986,medium,10,2 tau,C,0.5 Hz 
210832,nothing,-3,3 tau,A,0.5 Hz 
212880,low,109,2 tau,C,0.1 Hz 
211745,low,66,3 tau,B,5.0 Hz 
212460,high,-7,3 tau,F,0.1 Hz 
210095,medium,58,1 tau,D,0.5 Hz 
210791,low,29,1 tau,D,0.1 Hz 
210590,low,110,2 tau,D,5.0 Hz 
211809,low,53,2 tau,B,5.0 Hz 
210219,nothing,14,2 tau,A,1.0 Hz 
210265,low,-11,3 tau,D,5.0 Hz 
212394,low,16,2 tau,E,5.0 Hz 
211965,nothing,-16,2 tau,B,1.0 Hz 
212072,high,125,1 tau,C,0.5 Hz 
212916,full,14,2 tau,F,0.5 Hz 
210505,nothing,26,2 tau,F,5.0 Hz 
210697,medium,60,3 tau,C,0.5 Hz 
210815,medium,66,2 tau,D,1.0 Hz 
211539,high,38,2 tau,B,0.5 Hz 
212069,high,120,3 tau,A,0.5 Hz 
211274,nothing,116,3 tau,D,0.5 Hz 
212461,full,90,1 tau,F,0.5 Hz 
211299,nothing,68,1 tau,D,1.0 Hz 
211154,nothing,2,2 tau,D,5.0 Hz 
211685,full,90,2 tau,B,1.0 Hz 
210528,medium,99,2 tau,F,0.5 Hz 
211762,high,-38,1 tau,C,0.1 Hz 
210882,low,103,2 tau,C,0.1 Hz 
211199,full,91,2 tau,D,0.5 Hz 
210940,full,22,3 tau,E,5.0 Hz 
213112,low,-11,1 tau,F,5.0 Hz 
211038,full,59,1 tau,C,0.5 Hz 
210507,high,63,3 tau,F,0.5 Hz 
210546,low,32,2 tau,B,1.0 Hz 
212920,medium,122,3 tau,D,5.0 Hz 
211508,low,118,1 tau,B,1.0 Hz 
211240,nothing,-22,1 tau,D,0.1 Hz 
211775,full,89,3 tau,C,5.0 Hz 
211744,medium,85,1 tau,F,1.0 Hz 
210085,medium,112,3 tau,F,5.0 Hz 
211739,nothing,105,2 tau,F,0.1 Hz 
213158,high,64,2 tau,F,1.0 Hz 
210601,nothing,45,1 tau,C,0.1 Hz 
210991,nothing,-11,2 tau,F,0.5 Hz 
212566,full,-22,3 tau,E,1.0 Hz 
210033,full,129,1 tau,F,1.0 Hz 
212011,low,92,2 tau,C,0.5 Hz 
211520,high,78,1 tau,F,0.5 Hz 
210357,high,98,2 tau,E,1.0 Hz 
212626,low,-34,1 tau,D,0.5 Hz 
212227,medium,92,1 tau,A,0.1 Hz 
212447,low,27,2 tau,B,5.0 Hz 
210676,medium,83,3 tau,C,0.5 Hz 
213096,full,65,1 tau,E,0.1 Hz 
212584,low,48,1 tau,E,0.1 Hz 
212874,nothing,-24,1 tau,F,0.1 Hz 
211373,nothing,91,3 tau,B,0.5 Hz 
211822,nothing,-1,2 tau,D,0.5 Hz 
212914,nothing,40,3 tau,D,1.0 Hz 
212437,full,-12,3 tau,F,1.0 Hz 
211589,high,89,1 tau,C,0.1 Hz 
211441,high,3,2 tau,B,1.0 Hz 
211518,medium,100,3 tau,E,1.0 Hz 
212008,high,102,2 tau,C,1.0 Hz 
210657,full,59,3 tau,F,5.0 Hz 
210212,nothing,108,2 tau,B,1.0 Hz 
212560,nothing,29,1 tau,D,1.0 Hz 
210078,full,33,3 tau,D,0.5 Hz 
213290,nothing,123,3 tau,F,1.0 Hz 
210859,nothing,42,2 tau,D,0.5 Hz 
210805,full,103,2 tau,B,5.0 Hz 
212019,full,46,1 tau,B,1.0 Hz 
210062,low,22,1 tau,E,1.0 Hz 
211880,medium,-28,3 tau,D,1.0 Hz 
211338,nothing,38,2 tau,C,1.0 Hz 
211492,full,58,2 tau,B,1.0 Hz 
211916,full,70,1 tau,A,0.5 Hz 
210766,nothing,-14,1 tau,B,1.0 Hz 
211050,medium,132,2 tau,E,0.1 Hz 
213044,full,122,1 tau,A,1.0 Hz 
212786,medium,104,2 tau,E,0.1 Hz 
212749,low,21,3 tau,E,0.5 Hz 
211488,low,7,3 tau,B,5.0 Hz 
210839,low,25,1 tau,A,1.0 Hz 
210845,nothing,13,1 tau,B,0.1 Hz 
210965,full,18,1 tau,B,0.1 Hz 
211723,nothing,106,3 tau,D,0.5 Hz 
212951,medium,-42,1 tau,D,0.5 Hz 
210980,medium,40,1 tau,C,5.0 Hz 
210710,low,117,3 tau,D,5.0 Hz 
212837,high,72,3 tau,F,5.0 Hz 
210680,high,35,2 tau,E,0.5 Hz 
212494,medium,-39,1 tau,A,0.1 Hz 
213284,nothing,128,3 tau,F,0.1 Hz 
211418,low,62,2 tau,A,5.0 Hz 
211866,low,110,1 tau,B,0.5 Hz 
212912,nothing,-32,2 tau,D,0.1 Hz 
213326,nothing,29,3 tau,E,0.5 Hz 
211372,full,50,3 tau,F,0.5 Hz 
212248,nothing,-25,2 tau,A,0.5 Hz 
210781,high,73,1 tau,D,0.5 Hz 
211848,nothing,61,2 tau,F,0.5 Hz 
210812,low,120,2 tau,E,1.0 Hz 
210050,medium,115,1 tau,F,1.0 Hz 
212206,medium,88,3 tau,E,1.0 Hz 
211058,high,114,1 tau,E,5.0 Hz 
210643,low,34,2 tau,D,5.0 Hz 
213313,nothing,6,2 tau,A,0.1 Hz 
211704,medium,127,2 tau,B,0.1 Hz 
212647,full,-29,1 tau,E,0.1 Hz 
210534,low,35,1 tau,B,5.0 Hz 
212192,high,134,3 tau,B,1.0 Hz 
213100,medium,87,3 tau,F,0.5 Hz 
211330,nothing,-6,3 tau,C,1.0 Hz 
212528,low,-32,3 tau,A,0.1 Hz 
212330,nothing,32,1 tau,A,0.5 Hz 
210491,nothing,64,2 tau,A,5.0 Hz 
212152,medium,20,2 tau,C,1.0 Hz 
212181,high,131,3 tau,A,0.1 Hz 
212746,full,32,3 tau,A,0.1 Hz 
212956,medium,-2,3 tau,F,5.0 Hz 
210376,nothing,-40,3 tau,B,5.0 Hz 
212285,high,0,3 tau,D,0.5 Hz 
210495,high,-5,2 tau,D,0.5 Hz 
212991,low,41,3 tau,D,0.5 Hz 
211799,low,42,2 tau,A,5.0 Hz 
212789,nothing,114,1 tau,F,0.1 Hz 
212513,full,134,1 tau,E,0.5 Hz 
210162,low,120,3 tau,C,5.0 Hz 
212157,high,20,3 tau,A,0.1 Hz 
212594,low,8,2 tau,C,0.1 Hz 
211145,nothing,79,1 tau,C,1.0 Hz 
211519,low,83,1 tau,E,1.0 Hz 
211638,low,25,3 tau,C,0.1 Hz 
211286,medium,15,2 tau,B,0.1 Hz 
212759,medium,-30,1 tau,B,0.5 Hz 
211701,medium,28,1 tau,D,0.5 Hz 
211186,high,20,3 tau,D,1.0 Hz 
210156,medium,8,2 tau,D,5.0 Hz 
211859,medium,94,3 tau,D,1.0 Hz 
211141,low,87,2 tau,A,5.0 Hz 
211773,full,-33,1 tau,C,0.1 Hz 
212288,full,37,2 tau,A,0.1 Hz 
210684,nothing,45,1 tau,C,5.0 Hz 
212943,medium,118,2 tau,F,0.1 Hz 
212885,low,46,1 tau,E,1.0 Hz 
210777,low,53,2 tau,D,1.0 Hz 
211326,nothing,15,2 tau,F,0.1 Hz 
211716,nothing,-3,1 tau,B,5.0 Hz 
211664,low,-34,1 tau,E,0.1 Hz 
211681,medium,-27,2 tau,D,0.1 Hz 
213333,full,36,3 tau,C,1.0 Hz 
212820,low,41,1 tau,C,1.0 Hz 
211176,high,5,1 tau,B,0.1 Hz 
210436,medium,71,1 tau,C,0.1 Hz 
212377,high,64,3 tau,E,0.1 Hz 
213224,medium,-28,1 tau,A,1.0 Hz 
212238,low,54,1 tau,F,1.0 Hz 
211433,high,-34,1 tau,C,5.0 Hz 
212294,full,73,1 tau,B,0.1 Hz 
213193,medium,37,3 tau,F,0.5 Hz 
212669,full,84,1 tau,E,0.5 Hz 
211283,low,67,2 tau,B,5.0 Hz 
210538,full,-6,1 tau,B,0.5 Hz 
211467,high,36,1 tau,F,0.1 Hz 
212540,nothing,130,3 tau,D,0.5 Hz 
211689,medium,48,2 tau,D,5.0 Hz 
212381,nothing,3,2 tau,E,1.0 Hz 
210732,medium,62,2 tau,E,0.5 Hz 
210470,nothing,101,1 tau,C,0.1 Hz 
210907,medium,-24,2 tau,D,0.5 Hz 
213173,low,-16,1 tau,D,0.1 Hz 
210336,low,-26,3 tau,E,5.0 Hz 
212545,nothing,63,2 tau,E,0.5 Hz 
212867,medium,110,1 tau,F,5.0 Hz 
213268,medium,70,3 tau,A,5.0 Hz 
212336,low,32,1 tau,C,0.1 Hz 
211858,low,134,3 tau,F,0.1 Hz 
213015,high,117,1 tau,C,0.5 Hz 
210929,low,84,2 tau,D,1.0 Hz 
211719,medium,53,3 tau,F,0.1 Hz 
212930,high,39,1 tau,E,5.0 Hz 
212656,high,109,2 tau,F,0.1 Hz 
210452,medium,-31,3 tau,C,5.0 Hz 
210282,medium,8,1 tau,A,0.1 Hz 
212222,full,51,1 tau,C,1.0 Hz 
210440,medium,9,2 tau,E,0.5 Hz 
211718,medium,29,1 tau,E,0.5 Hz 
210421,low,4,2 tau,F,5.0 Hz 
211924,high,62,2 tau,E,1.0 Hz 
212531,nothing,116,1 tau,A,0.5 Hz 
210619,low,-6,1 tau,C,5.0 Hz 
213064,nothing,123,1 tau,F,0.5 Hz 
210955,high,1,1 tau,D,5.0 Hz 
212044,full,-35,3 tau,F,1.0 Hz 
212082,medium,-8,3 tau,F,5.0 Hz 
210134,full,-24,2 tau,B,1.0 Hz 
211731,medium,129,2 tau,D,1.0 Hz 
211066,low,117,2 tau,D,1.0 Hz 
211642,high,74,1 tau,C,5.0 Hz 
211960,full,44,1 tau,A,0.1 Hz 
212323,high,99,1 tau,D,0.5 Hz 
212190,full,66,2 tau,D,0.1 Hz 
210322,nothing,121,1 tau,A,5.0 Hz 
210260,medium,5,2 tau,E,0.5 Hz 
211054,nothing,-14,3 tau,B,0.1 Hz 
211404,low,109,1 tau,A,1.0 Hz 
210997,low,-33,3 tau,C,5.0 Hz 
211480,high,-20,1 tau,B,0.1 Hz 
210933,high,115,2 tau,A,0.5 Hz 
211499,medium,-16,2 tau,B,0.5 Hz 
213320,medium,-36,1 tau,C,0.5 Hz 
210674,nothing,19,3 tau,C,1.0 Hz 
211318,high,-8,3 tau,F,5.0 Hz 
210987,low,-12,3 tau,D,1.0 Hz 
212121,full,0,2 tau,A,0.5 Hz 
212079,low,-3,2 tau,B,0.5 Hz 
210342,medium,32,2 tau,A,1.0 Hz 
211625,high,68,2 tau,A,1.0 Hz 
213136,low,48,1 tau,C,1.0 Hz 
210053,nothing,99,2 tau,F,5.0 Hz 
211169,high,97,3 tau,B,1.0 Hz 
210396,full,110,2 tau,F,0.5 Hz 
212459,full,37,2 tau,A,0.1 Hz 
212161,low,21,3 tau,F,0.1 Hz 
210101,nothing,109,2 tau,E,5.0 Hz 
210364,medium,115,1 tau,C,0.5 Hz 
213106,medium,28,2 tau,C,1.0 Hz 
212598,medium,40,3 tau,C,1.0 Hz 
210298,high,-2,2 tau,E,1.0 Hz 
210973,nothing,76,1 tau,D,5.0 Hz 
211911,full,115,3 tau,E,5.0 Hz 
211208,full,92,2 tau,E,1.0 Hz 
210271,low,21,3 tau,B,5.0 Hz 
212570,full,58,2 tau,A,0.1 Hz 
212172,full,-13,1 tau,B,0.1 Hz 
213088,high,26,2 tau,B,1.0 Hz 
212282,medium,90,2 tau,B,1.0 Hz 
211981,medium,-11,2 tau,F,5.0 Hz 
210686,nothing,-20,1 tau,D,5.0 Hz 
210063,nothing,43,3 tau,F,0.5 Hz 
211969,nothing,-14,1 tau,E,0.1 Hz 
212795,medium,52,2 tau,E,5.0 Hz 
211797,medium,5,1 tau,C,0.5 Hz 
213257,high,10,3 tau,E,0.1 Hz 
213266,full,-42,1 tau,F,5.0 Hz 
212469,nothing,-33,3 tau,F,0.5 Hz 
213007,nothing,-10,1 tau,F,0.5 Hz 
212501,medium,2,1 tau,E,5.0 Hz 
212833,nothing,24,3 tau,F,0.5 Hz 
211466,nothing,66,3 tau,E,0.1 Hz 
212889,nothing,90,2 tau,F,0.1 Hz 
212366,high,24,1 tau,F,0.5 Hz 
210268,high,-23,2 tau,E,0.1 Hz 
211357,nothing,61,1 tau,D,0.5 Hz 
212130,low,-36,2 tau,E,0.1 Hz 
212062,high,89,1 tau,A,5.0 Hz 
210910,medium,84,1 tau,E,1.0 Hz 
212708,full,15,3 tau,C,5.0 Hz 
210848,high,81,2 tau,A,1.0 Hz 
211763,low,114,2 tau,B,5.0 Hz 
211134,nothing,129,3 tau,A,0.5 Hz 
211992,high,-5,3 tau,E,0.5 Hz 
211777,high,5,3 tau,F,5.0 Hz 
212355,nothing,82,1 tau,F,0.1 Hz 
210626,medium,15,3 tau,E,0.1 Hz 
212252,full,-30,3 tau,A,0.5 Hz 
211573,nothing,-17,1 tau,B,5.0 Hz 
210225,medium,19,2 tau,D,1.0 Hz 
211368,low,87,1 tau,B,0.1 Hz 
211476,full,36,3 tau,C,5.0 Hz 
210561,nothing,-11,2 tau,C,1.0 Hz 
213001,high,-20,3 tau,B,5.0 Hz 
211175,full,-12,2 tau,C,5.0 Hz 
210897,medium,4,1 tau,A,0.5 Hz 
210773,nothing,73,1 tau,A,0.1 Hz 
212132,high,92,3 tau,A,1.0 Hz 
212274,nothing,43,1 tau,C,0.5 Hz 
211202,medium,84,2 tau,D,0.1 Hz 
212320,high,19,3 tau,B,0.1 Hz 
210444,high,60,2 tau,B,0.5 Hz 
211510,high,-23,1 tau,D,5.0 Hz 
210046,low,105,3 tau,A,0.1 Hz 
210659,low,86,1 tau,D,0.5 Hz 
210240,nothing,10,1 tau,F,0.1 Hz 
211864,low,102,1 tau,F,0.1 Hz 
212984,high,8,2 tau,F,0.1 Hz 
210056,full,108,3 tau,E,5.0 Hz 
210287,full,21,2 tau,A,0.5 Hz 
213270,medium,17,2 tau,C,0.5 Hz 
210603,nothing,-4,1 tau,E,1.0 Hz 
212899,nothing,-4,3 tau,F,0.1 Hz 
212384,low,85,1 tau,A,0.5 Hz 
212297,high,-39,2 tau,F,1.0 Hz 
212015,full,90,1 tau,C,0.5 Hz 
211068,nothing,-33,3 tau,D,5.0 Hz 
212113,nothing,82,1 tau,C,0.5 Hz 
210613,high,103,2 tau,B,5.0 Hz 
213076,high,3,3 tau,B,0.1 Hz 
211523,medium,106,3 tau,B,0.5 Hz 
210721,medium,8,3 tau,E,0.5 Hz 
211757,low,51,3 tau,D,0.5 Hz 
210855,high,49,2 tau,E,0.1 Hz 
212231,nothing,-5,1 tau,C,5.0 Hz 
211600,nothing,40,2 tau,F,1.0 Hz 
210948,low,25,3 tau,E,0.5 Hz 
210120,medium,32,3 tau,D,5.0 Hz 
212408,full,86,2 tau,C,5.0 Hz 
212590,high,122,2 tau,E,1.0 Hz 
210089,full,91,2 tau,A,0.1 Hz 
212600,nothing,43,1 tau,D,1.0 Hz 
212445,low,63,2 tau,C,0.1 Hz 
211456,nothing,91,2 tau,B,0.5 Hz 
210191,nothing,119,3 tau,D,0.1 Hz 
212498,nothing,85,3 tau,E,0.1 Hz 
210750,medium,66,3 tau,D,1.0 Hz 
212264,full,126,1 tau,E,1.0 Hz 
212541,nothing,101,1 tau,D,1.0 Hz 
211669,low,44,2 tau,D,0.1 Hz 
210530,low,11,1 tau,B,0.5 Hz 
212054,nothing,112,1 tau,B,5.0 Hz 
212621,nothing,69,3 tau,A,0.5 Hz 
211018,full,-8,1 tau,E,1.0 Hz 
211729,low,9,1 tau,A,0.5 Hz 
211643,full,-34,2 tau,A,5.0 Hz 
213324,nothing,12,3 tau,E,1.0 Hz 
210736,full,107,2 tau,A,1.0 Hz 
210480,full,35,1 tau,B,5.0 Hz 
213149,full,125,3 tau,C,1.0 Hz 
212606,low,18,3 tau,F,0.1 Hz 
210549,nothing,30,3 tau,E,5.0 Hz 
212799,full,-29,2 tau,E,0.1 Hz 
211260,high,-10,1 tau,C,0.1 Hz 
210969,medium,64,2 tau,A,5.0 Hz 
211237,high,-5,1 tau,A,5.0 Hz 
210665,full,-6,2 tau,F,0.5 Hz 
212604,low,75,3 tau,D,0.1 Hz 
211464,low,91,1 tau,F,1.0 Hz 
212526,high,3,1 tau,C,1.0 Hz 
213309,medium,76,3 tau,C,0.5 Hz 
212842,low,-34,2 tau,C,5.0 Hz 
211843,full,15,3 tau,A,1.0 Hz 
211760,high,2,1 tau,C,0.1 Hz 
212628,nothing,-10,3 tau,A,1.0 Hz 
213271,medium,29,1 tau,B,0.1 Hz 
212959,medium,6,1 tau,A,1.0 Hz 
212219,full,-10,1 tau,B,0.1 Hz 
210792,medium,129,3 tau,B,1.0 Hz 
210668,medium,133,3 tau,B,0.5 Hz 
211772,medium,0,1 tau,D,1.0 Hz 
210132,medium,103,2 tau,D,0.1 Hz 
211162,nothing,70,3 tau,F,0.5 Hz 
213124,low,-35,1 tau,A,1.0 Hz 
213210,high,41,3 tau,E,0.5 Hz 
210639,medium,54,3 tau,F,1.0 Hz 
211001,high,43,3 tau,D,5.0 Hz 
210139,low,22,3 tau,E,0.1 Hz 
210074,high,81,1 tau,A,1.0 Hz 
210903,high,79,2 tau,A,0.1 Hz 
212349,high,85,2 tau,D,1.0 Hz 
212226,high,27,2 tau,C,0.5 Hz 
210464,medium,106,2 tau,B,0.5 Hz 
212827,medium,34,3 tau,E,0.1 Hz 
211792,low,-42,1 tau,E,5.0 Hz 
212050,full,125,1 tau,D,5.0 Hz 
210718,high,31,2 tau,D,0.1 Hz 
212516,high,-42,3 tau,D,1.0 Hz 
212211,full,91,3 tau,F,5.0 Hz 
212267,full,74,2 tau,B,0.1 Hz 
210489,medium,27,1 tau,C,0.1 Hz 
212782,high,21,2 tau,D,0.5 Hz 
211550,nothing,5,2 tau,A,0.1 Hz 
213023,low,-30,3 tau,A,0.5 Hz 
210895,high,30,1 tau,F,0.5 Hz 
210901,full,131,2 tau,A,0.1 Hz 
211950,high,10,2 tau,A,0.1 Hz 
210618,medium,54,2 tau,D,1.0 Hz 
212278,high,134,3 tau,E,0.5 Hz 
212624,medium,93,3 tau,C,0.1 Hz 
210067,medium,-22,2 tau,D,0.5 Hz 
210635,nothing,22,3 tau,A,1.0 Hz 
213085,nothing,21,1 tau,E,0.5 Hz 
211249,medium,122,2 tau,F,5.0 Hz 
210315,medium,82,1 tau,C,1.0 Hz 
210105,full,22,3 tau,D,1.0 Hz 
211662,nothing,-4,2 tau,D,5.0 Hz 
213306,high,-5,3 tau,A,0.1 Hz 
211577,medium,68,3 tau,F,0.1 Hz 
212341,medium,110,3 tau,A,5.0 Hz 
211832,nothing,110,1 tau,E,1.0 Hz 
210337,nothing,10,2 tau,C,1.0 Hz 
212938,nothing,56,1 tau,B,0.1 Hz 
212981,high,92,1 tau,E,0.5 Hz 
211004,high,60,1 tau,B,5.0 Hz 
213117,full,46,1 tau,D,0.1 Hz 
210142,nothing,54,1 tau,E,0.5 Hz 
212242,high,-38,1 tau,E,0.1 Hz 
212136,medium,41,3 tau,E,5.0 Hz 
212720,low,38,3 tau,D,0.5 Hz 
211996,nothing,26,1 tau,B,1.0 Hz 
213056,high,-29,1 tau,B,5.0 Hz 
213003,high,19,1 tau,B,0.1 Hz 
213152,high,24,1 tau,E,5.0 Hz 
211010,low,98,1 tau,F,1.0 Hz 
211148,low,111,3 tau,C,0.5 Hz 
211839,nothing,103,1 tau,C,5.0 Hz 
212058,medium,49,3 tau,B,0.5 Hz 
211986,high,28,1 tau,C,0.1 Hz 
211189,full,133,2 tau,A,0.5 Hz 
211477,low,120,3 tau,E,0.5 Hz 
211673,full,2,1 tau,A,5.0 Hz 
212024,nothing,-26,2 tau,E,5.0 Hz 
212869,full,43,3 tau,F,1.0 Hz 
212650,full,47,2 tau,D,5.0 Hz 
211767,medium,105,1 tau,A,0.1 Hz 
211116,nothing,-4,2 tau,F,5.0 Hz 
211442,medium,68,2 tau,E,5.0 Hz 
212385,low,134,3 tau,C,5.0 Hz 
210111,low,-42,1 tau,D,0.1 Hz 
211451,full,-24,2 tau,F,0.5 Hz 
211033,medium,-5,3 tau,C,0.1 Hz 
212096,low,50,1 tau,E,5.0 Hz 
210030,low,105,1 tau,A,1.0 Hz 
212188,medium,13,3 tau,B,5.0 Hz 
213092,nothing,133,1 tau,C,0.5 Hz 
210130,medium,115,3 tau,A,5.0 Hz 
212731,nothing,-35,1 tau,E,0.1 Hz 
213080,high,95,1 tau,B,1.0 Hz 
210728,full,-15,2 tau,F,0.5 Hz 
211955,high,74,3 tau,B,1.0 Hz 
212177,high,-33,3 tau,C,5.0 Hz 
211571,high,-8,1 tau,A,5.0 Hz 
211137,nothing,38,2 tau,F,0.1 Hz 
212476,full,25,2 tau,F,0.5 Hz 
210467,low,0,3 tau,C,0.5 Hz 
212163,high,128,2 tau,E,0.5 Hz 
211511,nothing,61,3 tau,E,0.1 Hz 
210433,full,28,3 tau,F,1.0 Hz 
210190,full,-31,1 tau,C,0.1 Hz 
211545,nothing,45,3 tau,F,0.1 Hz 
210152,low,-13,1 tau,B,5.0 Hz 
210937,nothing,127,3 tau,F,5.0 Hz 
210867,nothing,25,3 tau,D,0.5 Hz 
210834,low,82,1 tau,A,5.0 Hz 
212075,nothing,8,1 tau,C,0.1 Hz 
212100,high,-4,2 tau,E,1.0 Hz 
210411,medium,110,2 tau,B,1.0 Hz 
211829,low,65,2 tau,B,0.1 Hz 
211870,medium,56,3 tau,D,5.0 Hz 
210827,nothing,95,2 tau,B,0.5 Hz 
210918,full,86,2 tau,B,1.0 Hz 
212404,nothing,32,3 tau,B,1.0 Hz 
213228,full,107,2 tau,B,0.1 Hz 
210059,full,6,2 tau,B,1.0 Hz 
211628,low,-21,2 tau,A,5.0 Hz 
210725,low,-33,2 tau,A,0.5 Hz 
211005,high,25,2 tau,A,0.1 Hz 
212715,low,-39,3 tau,A,5.0 Hz 
211784,full,39,2 tau,D,0.1 Hz 
210478,low,1,1 tau,A,0.1 Hz 
210113,full,126,3 tau,E,1.0 Hz 
212442,low,119,1 tau,F,1.0 Hz 
212898,medium,31,2 tau,B,0.1 Hz 
211101,high,-29,3 tau,D,0.5 Hz 
211982,full,113,3 tau,B,5.0 Hz 
210294,full,132,1 tau,D,0.5 Hz 
211531,medium,34,1 tau,E,0.5 Hz 
211534,nothing,35,2 tau,F,1.0 Hz 
211304,full,-33,2 tau,F,0.5 Hz 
212974,high,7,3 tau,C,5.0 Hz 
212671,low,24,2 tau,B,0.1 Hz 
213337,medium,19,1 tau,A,1.0 Hz 
211919,medium,70,3 tau,B,0.5 Hz 
210809,nothing,61,2 tau,F,5.0 Hz 
211481,medium,74,1 tau,D,5.0 Hz 
213180,nothing,-13,2 tau,F,0.1 Hz 
210609,full,69,2 tau,B,1.0 Hz 
212791,low,24,2 tau,D,0.1 Hz 
211458,high,14,2 tau,C,1.0 Hz 
212220,nothing,60,3 tau,C,0.5 Hz 
212486,nothing,113,1 tau,A,0.1 Hz 
212883,low,91,3 tau,F,0.5 Hz 
210904,nothing,43,2 tau,A,1.0 Hz 
210622,full,77,3 tau,F,5.0 Hz 
211650,low,-23,3 tau,F,5.0 Hz 
211334,high,68,3 tau,C,5.0 Hz 
210353,medium,114,2 tau,F,0.1 Hz 
212953,full,131,2 tau,A,0.1 Hz 
210072,full,-11,1 tau,B,1.0 Hz 
211565,nothing,100,3 tau,E,1.0 Hz 
212429,high,40,2 tau,C,0.1 Hz 
211749,nothing,34,1 tau,A,1.0 Hz 
212855,medium,106,1 tau,A,0.1 Hz 
211329,high,69,1 tau,E,5.0 Hz 
212809,low,83,1 tau,E,1.0 Hz 
212579,nothing,14,2 tau,B,1.0 Hz 
211753,nothing,100,3 tau,E,1.0 Hz 
212435,nothing,37,1 tau,D,1.0 Hz 
210574,full,48,2 tau,F,0.5 Hz 
213315,full,-30,3 tau,E,0.1 Hz 
212308,nothing,80,2 tau,F,5.0 Hz 
212025,low,86,1 tau,B,5.0 Hz 
210306,full,118,3 tau,A,0.1 Hz 
210634,nothing,49,2 tau,A,0.5 Hz 
212391,nothing,58,3 tau,B,0.5 Hz 
210808,nothing,105,1 tau,D,0.5 Hz 
210093,nothing,-13,2 tau,D,5.0 Hz 
211270,medium,-22,3 tau,A,1.0 Hz 
210862,high,-12,3 tau,D,1.0 Hz 
212419,full,106,3 tau,E,1.0 Hz 
211910,high,-39,2 tau,E,0.5 Hz 
212004,nothing,17,2 tau,D,0.5 Hz 
210640,low,133,1 tau,D,0.1 Hz 
210871,full,101,2 tau,A,0.5 Hz 
210404,low,-32,2 tau,D,0.5 Hz 
213113,low,80,2 tau,C,1.0 Hz 
213238,full,-39,2 tau,F,0.5 Hz 
212232,nothing,-38,2 tau,E,5.0 Hz 
210569,medium,-30,2 tau,D,1.0 Hz 
213121,high,57,3 tau,D,5.0 Hz 
212533,medium,59,1 tau,B,0.5 Hz 
210513,low,-10,1 tau,B,1.0 Hz 
210894,nothing,90,2 tau,D,0.1 Hz 
210900,full,81,2 tau,E,5.0 Hz 
211852,high,-42,3 tau,A,0.1 Hz 
211606,nothing,89,3 tau,D,0.5 Hz 
210288,medium,0,1 tau,D,1.0 Hz 
212772,medium,86,1 tau,C,0.1 Hz 
211854,high,89,3 tau,C,0.5 Hz 
211034,high,-8,1 tau,D,0.1 Hz 
213083,medium,-24,2 tau,F,0.1 Hz 
212752,nothing,116,3 tau,D,5.0 Hz 
212195,full,18,1 tau,A,0.5 Hz 
211039,low,-24,1 tau,C,1.0 Hz 
212822,low,72,1 tau,B,1.0 Hz 
212563,nothing,45,2 tau,A,1.0 Hz 
212909,full,16,1 tau,F,0.1 Hz 
210995,nothing,19,2 tau,D,0.1 Hz 
212742,high,105,1 tau,A,0.1 Hz 
211406,low,130,3 tau,A,0.1 Hz 
210197,high,89,2 tau,B,5.0 Hz 
211106,high,27,2 tau,F,0.5 Hz 
212539,full,-14,3 tau,C,1.0 Hz 
211243,high,-5,2 tau,E,1.0 Hz 
212464,low,88,3 tau,A,1.0 Hz 
211528,high,121,2 tau,A,0.1 Hz 
212467,high,-10,1 tau,D,0.1 Hz 
212052,low,133,2 tau,B,5.0 Hz 
210654,medium,-17,3 tau,F,0.5 Hz 
212199,high,116,3 tau,C,5.0 Hz 
211460,nothing,44,3 tau,D,0.5 Hz 
212608,high,7,2 tau,E,5.0 Hz 
211425,low,92,2 tau,D,5.0 Hz 
212688,nothing,128,2 tau,B,0.1 Hz 
212174,full,93,3 tau,F,0.1 Hz 
210254,nothing,125,2 tau,F,0.5 Hz 
211301,medium,128,1 tau,C,0.1 Hz 
213014,high,-10,1 tau,E,0.5 Hz 
211204,high,98,3 tau,D,5.0 Hz 
211721,high,102,3 tau,F,0.5 Hz 
211077,nothing,95,2 tau,C,1.0 Hz 
210487,medium,47,3 tau,A,0.5 Hz 
210146,high,-8,2 tau,A,0.1 Hz 
212861,high,41,3 tau,A,1.0 Hz 
211615,nothing,53,3 tau,F,1.0 Hz 
212663,full,132,1 tau,B,0.5 Hz 
211863,nothing,109,1 tau,B,0.1 Hz 
210209,high,65,1 tau,E,5.0 Hz 
212555,medium,124,2 tau,B,0.1 Hz 
211867,medium,33,3 tau,D,0.5 Hz 
210300,high,39,3 tau,B,0.1 Hz 
211935,full,68,2 tau,D,1.0 Hz 
211939,high,79,1 tau,E,0.1 Hz 
210205,full,128,3 tau,A,0.1 Hz 
210595,low,-20,3 tau,B,0.1 Hz 
213298,medium,-36,2 tau,B,5.0 Hz 
213115,medium,-40,1 tau,F,1.0 Hz 
210453,medium,113,1 tau,C,1.0 Hz 
213162,nothing,55,3 tau,C,0.1 Hz 
211356,medium,-8,2 tau,C,1.0 Hz 
212043,nothing,-10,1 tau,C,0.5 Hz 
212352,full,-21,1 tau,B,1.0 Hz 
211098,medium,-37,3 tau,B,5.0 Hz 
211743,low,-4,2 tau,C,0.5 Hz 
211392,high,57,2 tau,B,5.0 Hz 
212904,low,95,3 tau,B,5.0 Hz 
211014,full,-18,1 tau,E,0.5 Hz 
212213,medium,134,1 tau,D,5.0 Hz 
212838,medium,77,1 tau,C,5.0 Hz 
212114,medium,56,3 tau,C,0.1 Hz 
211461,high,110,2 tau,E,0.5 Hz 
211030,medium,42,3 tau,F,0.1 Hz 
212758,low,114,3 tau,E,5.0 Hz 
212894,low,45,3 tau,A,0.1 Hz 
213071,nothing,-26,1 tau,E,0.1 Hz 
210517,low,-40,3 tau,F,0.5 Hz 
210974,nothing,-39,3 tau,B,0.1 Hz 
210126,full,33,3 tau,D,5.0 Hz 
211407,high,73,3 tau,B,5.0 Hz 
210035,high,72,1 tau,E,5.0 Hz 
213053,nothing,106,2 tau,C,5.0 Hz 
210953,high,60,2 tau,D,0.5 Hz 
212729,nothing,48,3 tau,D,1.0 Hz 
210427,nothing,24,1 tau,C,0.1 Hz 
212410,nothing,94,2 tau,E,0.1 Hz 
211449,full,-27,2 tau,E,1.0 Hz 
210183,medium,13,1 tau,F,0.1 Hz 
210303,medium,27,1 tau,B,0.5 Hz 
212581,full,32,1 tau,F,1.0 Hz 
212825,nothing,30,2 tau,E,0.1 Hz 
211926,high,17,3 tau,A,1.0 Hz 
210650,full,122,2 tau,D,5.0 Hz 
212369,high,111,3 tau,A,5.0 Hz 
211641,full,5,1 tau,D,0.1 Hz 
212378,high,12,3 tau,A,1.0 Hz 
211429,full,41,3 tau,B,5.0 Hz 
211758,medium,109,3 tau,B,0.1 Hz 
211702,high,2,1 tau,B,1.0 Hz 
212548,high,63,1 tau,A,0.1 Hz 
211874,nothing,74,3 tau,E,0.5 Hz 
210954,nothing,95,3 tau,A,5.0 Hz 
211187,high,115,2 tau,F,1.0 Hz 
211630,full,38,3 tau,D,0.1 Hz 
210194,high,118,2 tau,F,1.0 Hz 
212029,full,46,3 tau,C,0.1 Hz 
213090,nothing,-2,3 tau,F,1.0 Hz 
211584,full,9,2 tau,A,0.1 Hz 
211690,low,46,1 tau,E,1.0 Hz 
212517,medium,125,1 tau,F,5.0 Hz 
211666,nothing,134,2 tau,D,0.1 Hz 
211752,high,87,2 tau,A,1.0 Hz 
211788,medium,32,2 tau,B,5.0 Hz 
211017,medium,126,1 tau,C,0.1 Hz 
210370,high,123,1 tau,E,1.0 Hz 
212848,nothing,64,3 tau,D,5.0 Hz 
211225,low,17,2 tau,C,1.0 Hz 
211261,high,71,2 tau,C,1.0 Hz 
211131,low,78,1 tau,B,1.0 Hz 
211552,high,48,3 tau,C,0.1 Hz 
210696,nothing,-30,3 tau,C,0.5 Hz 
212304,nothing,-42,1 tau,F,0.1 Hz 
212458,high,32,2 tau,F,0.5 Hz 
210232,high,14,3 tau,B,1.0 Hz 
212338,high,3,3 tau,E,5.0 Hz 
211549,full,-27,2 tau,D,5.0 Hz 
210819,nothing,50,1 tau,E,1.0 Hz 
211524,high,126,1 tau,F,5.0 Hz 
212739,medium,48,3 tau,F,5.0 Hz 
212077,low,117,3 tau,D,0.1 Hz 
211698,high,109,1 tau,F,0.1 Hz 
211562,high,-10,2 tau,C,0.5 Hz 
211013,nothing,112,3 tau,F,5.0 Hz 
210402,full,114,3 tau,F,5.0 Hz 
212327,nothing,113,3 tau,B,5.0 Hz 
210708,medium,17,3 tau,C,0.1 Hz 
211884,nothing,104,2 tau,F,0.5 Hz 
211413,low,96,1 tau,E,0.5 Hz 
210908,medium,130,3 tau,C,0.5 Hz 
210753,full,76,2 tau,A,1.0 Hz 
213303,medium,44,3 tau,A,0.1 Hz 
213329,low,-6,2 tau,B,0.1 Hz 
212764,low,42,2 tau,C,0.5 Hz 
210220,full,40,2 tau,A,1.0 Hz 
211928,high,-42,3 tau,F,0.1 Hz 
212466,nothing,56,1 tau,A,0.1 Hz 
212726,low,58,2 tau,B,0.5 Hz 
210915,high,77,1 tau,C,0.5 Hz 
212260,full,53,2 tau,E,5.0 Hz 
213169,full,-39,3 tau,D,0.5 Hz 
212944,medium,13,1 tau,E,5.0 Hz 
211693,medium,9,2 tau,D,0.1 Hz 
210310,nothing,-7,1 tau,E,0.1 Hz 
212387,high,-33,3 tau,D,1.0 Hz 
212638,high,-39,1 tau,E,1.0 Hz 
213335,medium,91,3 tau,C,1.0 Hz 
210890,full,33,3 tau,D,0.1 Hz 
210097,high,115,1 tau,D,5.0 Hz 
210788,high,-25,1 tau,D,0.1 Hz 
210705,medium,91,1 tau,F,5.0 Hz 
210346,medium,-4,2 tau,B,0.5 Hz 
213259,high,0,2 tau,D,5.0 Hz 
210275,full,-36,1 tau,D,5.0 Hz 
211712,high,85,2 tau,A,0.1 Hz 
212440,medium,8,3 tau,E,0.1 Hz 
211569,high,-23,1 tau,A,0.1 Hz 
210771,low,-2,1 tau,E,0.1 Hz 
212716,medium,54,1 tau,E,0.5 Hz 
212186,low,40,2 tau,F,1.0 Hz 
212940,high,-12,2 tau,C,0.5 Hz 
212236,nothing,105,1 tau,B,0.5 Hz 
210701,medium,-4,2 tau,F,5.0 Hz 
211080,low,3,1 tau,F,0.1 Hz 
212160,medium,100,3 tau,F,5.0 Hz 
212829,low,76,1 tau,F,5.0 Hz 
212383,low,3,3 tau,E,0.1 Hz 
210945,full,97,1 tau,A,5.0 Hz 
212332,medium,4,1 tau,F,1.0 Hz 
210886,nothing,-1,2 tau,A,1.0 Hz 
211835,low,88,2 tau,E,0.5 Hz 
210276,high,2,1 tau,A,1.0 Hz 
210414,medium,-18,3 tau,C,1.0 Hz 
213299,high,83,3 tau,A,0.5 Hz 
211473,nothing,58,2 tau,D,0.1 Hz 
212455,full,-40,1 tau,C,0.5 Hz 
211556,medium,17,3 tau,E,0.1 Hz 
211652,full,68,2 tau,D,0.5 Hz 
212886,nothing,0,1 tau,D,5.0 Hz 
213230,full,91,2 tau,A,0.1 Hz 
210837,medium,48,1 tau,A,0.5 Hz 
211989,high,42,2 tau,B,0.5 Hz 
210671,full,15,1 tau,A,0.5 Hz 
211421,low,96,3 tau,C,1.0 Hz 
210233,nothing,101,3 tau,D,1.0 Hz 
212123,nothing,61,3 tau,B,1.0 Hz 
212684,low,89,2 tau,D,0.5 Hz 
212680,high,69,1 tau,B,1.0 Hz 
212664,full,-6,1 tau,E,1.0 Hz 
210332,high,80,2 tau,A,1.0 Hz 
213201,nothing,30,3 tau,F,5.0 Hz 
211192,nothing,83,2 tau,D,1.0 Hz 
212270,low,91,2 tau,A,0.1 Hz 
212520,full,23,1 tau,F,5.0 Hz 
212203,full,80,1 tau,E,1.0 Hz 
211737,medium,95,2 tau,C,0.5 Hz 
212345,full,96,3 tau,D,0.1 Hz 
210580,medium,54,3 tau,C,0.1 Hz 
210540,low,9,2 tau,A,0.1 Hz 
212844,nothing,-32,3 tau,E,0.5 Hz 
210543,high,-8,3 tau,D,0.5 Hz 
212493,low,15,2 tau,F,5.0 Hz 
211073,medium,-4,3 tau,A,1.0 Hz 
211893,low,121,1 tau,F,1.0 Hz 
210291,nothing,41,2 tau,C,0.1 Hz 
212245,medium,7,3 tau,C,1.0 Hz 
213163,medium,89,3 tau,F,0.1 Hz 
211970,medium,1,3 tau,A,0.1 Hz 
213240,high,-9,2 tau,F,5.0 Hz 
213153,full,23,3 tau,B,0.5 Hz 
210458,low,113,1 tau,B,0.1 Hz 
211347,high,-10,3 tau,F,0.5 Hz 
212978,high,115,1 tau,D,1.0 Hz 
212449,high,3,2 tau,A,0.1 Hz 
210350,full,25,2 tau,A,1.0 Hz 
210579,medium,133,3 tau,E,5.0 Hz 
210423,full,-19,3 tau,B,0.1 Hz 
211023,low,130,3 tau,E,0.1 Hz 
211622,nothing,-18,1 tau,E,5.0 Hz 
211980,full,-10,3 tau,C,1.0 Hz 
212692,full,-17,2 tau,F,0.1 Hz 
213189,high,8,1 tau,E,1.0 Hz 
212643,nothing,72,3 tau,E,0.1 Hz 
211962,full,102,2 tau,A,0.5 Hz 
210550,nothing,-34,3 tau,C,0.5 Hz 
213237,full,-7,1 tau,A,5.0 Hz 
210605,full,-33,2 tau,D,0.5 Hz 
212034,high,2,1 tau,B,5.0 Hz 
212551,low,73,3 tau,D,0.5 Hz 
210192,low,92,3 tau,D,0.1 Hz 
210576,medium,-18,2 tau,B,0.5 Hz 
212001,nothing,-19,3 tau,A,5.0 Hz 
211341,low,2,1 tau,B,5.0 Hz 
210368,full,36,2 tau,E,5.0 Hz 
212911,full,-16,2 tau,B,0.1 Hz 
211845,full,-7,1 tau,D,5.0 Hz 
212031,low,56,3 tau,A,0.1 Hz 
210406,low,109,3 tau,D,0.1 Hz 
212754,medium,73,2 tau,F,1.0 Hz 
211951,low,121,3 tau,A,0.1 Hz 
212042,full,8,2 tau,F,0.5 Hz 
211416,full,29,1 tau,F,0.5 Hz 
210341,nothing,48,2 tau,E,0.1 Hz 
210741,full,97,2 tau,B,5.0 Hz 
